username,password
sincereBittern1,i4JrCNl9
innocentWasp1,z5Tn9CVCnscRc
abjectMacaw0,XXfrEkIzwaRaIIK
solemnGnu5,Vru4HFqjbpMyP
vengefulSalami4,BM0X06kyk
trustingMeerkat3,tVZBOzWRe9r3WS
ashamedLeopard6,u7l5C2n3E4
decimalOil7,7ixorMBjX
dopeyLlama2,a71NdpJGteqZ
debonairRice6,IosdMSPWBuI2g
offendedUnicorn4,16ipwljRQRAwbLh
unhappyAntelope2,dkcfZrw7tj
brainyPie3,fC2kriBC
mercifulPup7,eKD51nfWsU2vN
annoyedChowder7,nghmlRhT
madBuck6,6bnpVxVGbl
amazedCockatoo2,jKp9V0lM
scornfulWeaver1,oalibhm0oAWyFu5
sincereViper6,wle3eAjYub
enragedCheetah0,xydk2YaKa0b4ma
shyDinosaur8,xtemdYpG
artisticDoves9,PviTofrPnLR
zestyWigeon1,ly42npiHddE3
guiltyGnu8,QKn0idNsE
lyingTomatoe7,A10flUsk6t
ecstaticToucan4,C7s6tGBsv6cDU
somberRice2,OREunKx1hC
wornoutSeahorse7,HoTua1LuPlnESn
resolvedFlamingo6,ui8CuwrYQw
jumpyCaribou5,B6bkWJA5IPBQxdI
vengefulOtter9,ixAtGKqYZfSgV
forsakenRaisins9,mbRL1jNYHyOUc
enviousDove2,XwUVoS6KT
innocentRaisins8,zzzNBN13o33B7z
exactingGnu2,24eWBfssc2U
panickyPie9,PWLmpxiVNF5p
empathicBurritos6,YkcyuGrtPceRT
trustingOwl3,tgm4SO46NVk
grumpyHare5,7DZwXsDWYtcPJ
cheerfulRat2,2p3pxVsO0QX
jealousCrane1,c9Qpn0uA6W
drearyBass3,6HS2lLER
grizzledBagels1,xuIigza8HPRFP
grumpySwift9,bD5wuPOxa6z
worldlySnipe9,8apPXdaG5CbsH
mildDotterel9,rFGbBX3cezB
zestyTuna4,avLvvWWvbjK0nF
pluckyCrackers5,0izcv5DGCBhg
ashamedWeaver3,DosILRXyH
wornoutGnu2,Oxrf90j58M
insecurePaella0,tis8gfq5KKtB
mildRaisins6,ekcOfJLvIumyi
panickyEggs1,Outf01vHodUi55g
importedVenison6,eRqqF7L0Jna
excitedFlamingo7,1KJ5k2kyeHD
dearClam4,tGSblrdVJTy
blissfulDoughnut7,b2Dz6DZDDR
bubblyFerret9,yKWx7Krbla
humorousTruffle3,6pyuQQGGfLz
needfulBurritos0,15Ek0VeE1F0N
troubledDove9,8EAMTb0LNtvZ7
insecureFerret4,r2skW9wcl3
boredOwl2,uU9TVuZjlz
thrilledUnicorn4,uXAua9u4frsV
similarSnipe3,JULQzmcqdSKx
pridefulCamel6,LPbFRXfh4tf
grudgingDoves7,GvRx5X8F
stressedChamois0,z1RnMlSvoCBFar
holisticMussel2,yoZPeGB29
empathicQuiche9,HiDya8jzzDo
boastfulRuffs0,orLEbH1Y
wingedDoughnut1,zHV4j7xlWhhoJY8
obsessedPorpoise5,gW6gthe7pKEbTK
peskyWidgeon5,XXvp7zjW1s94
guiltySeahorse3,a4ZuYNkx75
eagerPie7,eczTTgjNfSZZH
tautEland7,FvHuGlX0mewC6v
anxiousLapwing0,ogcCMaAm1
thrilledSeafowl5,qLgcQ2FiwZes7Q
mercifulPolenta3,8nb07rWWNi4Y2T
zestyOcelot8,iVr51TyM
ashamedWasp1,QswQzN4hLwJ39b
dejectedMoth7,UkXVaUXKyvBwD7
crummyFish3,czUjP831tbR
humorousMallard0,lK6NLlw0ZUm3
trustingCod2,zhIxmmk0HfXXbA
holisticHoopoe5,Vyq6PxSawMBH5
tautFlamingo6,c7KoC0y5wx
drearyLemur3,do02vg3PsNzxOT
holisticSalt6,MNlSpRl0cQU1H
panickyPudding3,pUb3H4Nq
humorousLizard7,E2y8PZ4DgMl
panickySheep2,pzLgNv4GXl
brainyTeal1,HHTc9GNmhGls
curiousSmelt4,qM7yMcekxxPaxe
emptyKitten0,fHFr1fDLG
lovesickSardines8,RlLJgn8GhbVHRvJ
peacefulQuiche1,pfmpNzaQHa53
crushedTeal9,ujYe1eozL
morbidTuna3,UnKKCme0
