id,username,password,email,user_since
1,cheerfulThrush5,b'$2b$12$mzZXxm.lIzmqEMht8NVw1O0smE/h85.YA5VDuP3lkO5ZhNyHmKeeO',cheerfulThrush5@hotmail.com,2019-08-20 02:02:15
2,excludedDotterel3,b'$2b$12$mzZXxm.lIzmqEMht8NVw1OEfVZKOSsK89Pq7uz/vlOTmbBv.Nv8uy',excludedDotterel3@yahoo.com,2020-02-14 02:03:38
3,goofyCod8,b'$2b$12$mzZXxm.lIzmqEMht8NVw1Opld2gPs6.T1laX95YCpZLBIxQqA9uBi',goofyCod8@hotmail.com,2019-09-29 03:48:11
4,somberSalt4,b'$2b$12$mzZXxm.lIzmqEMht8NVw1OrtntSiM0CeSAVReZ2I6dxM0CfQeHCvK',somberSalt4@hotmail.com,2020-02-22 03:48:49
5,trustingBaboon0,b'$2b$12$mzZXxm.lIzmqEMht8NVw1O//buJLwW25OUxDuAmfETv2rbnaotaDm',trustingBaboon0@gmail.com,2018-03-13 01:30:16
6,needyJerky5,b'$2b$12$mzZXxm.lIzmqEMht8NVw1O3nsZE5/rrtaIELemo14jZ1GOgYgm/xi',needyJerky5@hotmail.com,2020-05-07 15:34:12
7,guiltyTuna8,b'$2b$12$mzZXxm.lIzmqEMht8NVw1ORcl5bCQfBPpOB5kReD2USNMR8xhiODu',guiltyTuna8@gmail.com,2019-03-22 06:33:12
8,cruelOil4,b'$2b$12$mzZXxm.lIzmqEMht8NVw1OV6TjkpwAyNAQz5s6fhw7tBJxgRUYHDq',cruelOil4@yahoo.com,2020-07-09 19:14:28
9,finickyChough4,b'$2b$12$mzZXxm.lIzmqEMht8NVw1ODgxhW/T0vURjrkiPCwaWfwIbaXSXH4e',finickyChough4@mail.com,2019-02-16 06:12:23
10,sincereTortoise3,b'$2b$12$mzZXxm.lIzmqEMht8NVw1OP8BazTY2C48ot5/Dv2PJJc90/lcZto.',sincereTortoise3@gmail.com,2018-10-25 04:34:12
11,wingedPonie3,b'$2b$12$mzZXxm.lIzmqEMht8NVw1Oksx1YkdrRm.fUzLyHYd9C51rDkLlJyO',wingedPonie3@mail.com,2019-05-20 02:13:55
12,joyfulBaboon2,b'$2b$12$mzZXxm.lIzmqEMht8NVw1OaRI3ixLITMcAFVUXNND.Tv6TKJD37Cm',joyfulBaboon2@gmail.com,2020-11-01 03:05:19
13,grumpyOil1,b'$2b$12$mzZXxm.lIzmqEMht8NVw1OkFvPmsVIIuKpzQfNfFFooHt8QlfI3Fe',grumpyOil1@yahoo.com,2019-09-27 03:04:09
14,troubledPear4,b'$2b$12$mzZXxm.lIzmqEMht8NVw1OLyc0zHqF5gZmrWkinyvQ1x0/4txMgDW',troubledPear4@yahoo.com,2020-11-15 19:10:39
15,betrayedThrush5,b'$2b$12$mzZXxm.lIzmqEMht8NVw1O6rS3J82VKOOYUNMmZabvLXgvSmEqi5K',betrayedThrush5@gmail.com,2018-03-30 04:11:56
16,pluckyTacos3,b'$2b$12$mzZXxm.lIzmqEMht8NVw1OxwH8W7LNRqxFv1H2kzbI0oaP55OLOim',pluckyTacos3@hotmail.com,2020-08-04 14:37:11
17,outlyingCurlew1,b'$2b$12$mzZXxm.lIzmqEMht8NVw1OAfT.q6LQyN2aV5ocso2d5jFy.06urea',outlyingCurlew1@hotmail.com,2019-04-28 12:09:31
18,selfishEagle9,b'$2b$12$mzZXxm.lIzmqEMht8NVw1O7PQ75uXDvmf75egeC1/LkhSI7x36e1S',selfishEagle9@hotmail.com,2020-10-06 05:20:47
19,thrilledOil6,b'$2b$12$mzZXxm.lIzmqEMht8NVw1OdPTa8v3lv0qI/cBTyJBjbkrebHRlqM6',thrilledOil6@yahoo.com,2019-12-25 10:12:27
20,unhappyHare2,b'$2b$12$mzZXxm.lIzmqEMht8NVw1Oa1b.BFM6faxojbVIQHOAOjG8WNqfWXe',unhappyHare2@yahoo.com,2018-07-03 05:17:41
21,truthfulMussel4,b'$2b$12$mzZXxm.lIzmqEMht8NVw1Oe9LqVCSrhLNkaNMBBRD1mGLw/Ysorvm',truthfulMussel4@hotmail.com,2019-10-26 12:53:48
22,worriedGnu6,b'$2b$12$mzZXxm.lIzmqEMht8NVw1O0P6s2XkfPwrZBAyVAn28DtiPuR/mrs2',worriedGnu6@hotmail.com,2020-07-29 17:13:12
23,boastfulPear2,b'$2b$12$mzZXxm.lIzmqEMht8NVw1OIGIjXCJ6nL4/5bCpzR4U5pwIzSiLGl.',boastfulPear2@yahoo.com,2019-01-18 07:07:11
24,adoringEland2,b'$2b$12$mzZXxm.lIzmqEMht8NVw1OKOHK0OB9aRPjCfwbhbTYuvAFFB2zrWi',adoringEland2@hotmail.com,2020-09-12 02:49:44
25,panickyIguana1,b'$2b$12$mzZXxm.lIzmqEMht8NVw1Oagb3mBQAKcTfBewaYPQ3w8wuZ4QtOz2',panickyIguana1@hotmail.com,2018-12-30 10:07:09
26,fondRuffs2,b'$2b$12$mzZXxm.lIzmqEMht8NVw1OxhLY86cdzpyCL/q6wAlIirjF2/oVCkG',fondRuffs2@gmail.com,2020-08-27 10:45:06
27,cheerfulSeahorse1,b'$2b$12$mzZXxm.lIzmqEMht8NVw1OlQNmRi31tZF8Iv/nbIkXcMqfdGD8wZa',cheerfulSeahorse1@mail.com,2019-08-17 01:19:01
28,lovesickPiglet4,b'$2b$12$mzZXxm.lIzmqEMht8NVw1Ox7bXWGbEw.4uXcqT.Y03btkIeNxBGLe',lovesickPiglet4@gmail.com,2020-11-07 11:19:54
29,affectedRelish5,b'$2b$12$mzZXxm.lIzmqEMht8NVw1O1CUBvoTWlfoZyW0dD7O2H7WogpxYEoG',affectedRelish5@hotmail.com,2019-08-26 00:25:25
30,annoyedFerret4,b'$2b$12$mzZXxm.lIzmqEMht8NVw1OYH9hT9tNTWgO4dXh1/dk3BTj4Zr2uEi',annoyedFerret4@yahoo.com,2018-04-06 23:59:45
31,anxiousEland1,b'$2b$12$mzZXxm.lIzmqEMht8NVw1OvR5SKi/0Ez7w5R8lU.ZMEHJG4nvsaay',anxiousEland1@gmail.com,2019-01-11 23:07:03
32,sugaryHare2,b'$2b$12$mzZXxm.lIzmqEMht8NVw1ONcbCq4WpcWu1zUyzudkTX4sF.ix9xve',sugaryHare2@gmail.com,2020-12-20 07:19:11
33,adoringRelish0,b'$2b$12$mzZXxm.lIzmqEMht8NVw1OW7GEnxQeeDEd2FqAK1jkloqo0Vnk37y',adoringRelish0@yahoo.com,2019-10-04 23:34:54
34,sadRuffs6,b'$2b$12$mzZXxm.lIzmqEMht8NVw1OEkCBJOMN2vAJTZSu0iKbvkBOgLxwIC2',sadRuffs6@gmail.com,2020-05-14 12:37:27
35,crushedSeahorse8,b'$2b$12$mzZXxm.lIzmqEMht8NVw1OmlPUiMgUxfVgXsokDh9cq8qRY5vFgL.',crushedSeahorse8@gmail.com,2018-10-30 08:51:30
36,enragedBoars3,b'$2b$12$mzZXxm.lIzmqEMht8NVw1OnSfdX7F45EHsdzvPs2YbWzaCo7NEGZS',enragedBoars3@gmail.com,2020-06-09 23:25:18
37,betrayedLlama4,b'$2b$12$mzZXxm.lIzmqEMht8NVw1OHQcfnXwP3LzEP.de/0N30b.2o.7ZGQq',betrayedLlama4@mail.com,2019-03-05 03:08:23
38,pitifulClam7,b'$2b$12$mzZXxm.lIzmqEMht8NVw1OkTMySDOuREEFteZvSFdbrLCAJ46rCwe',pitifulClam7@yahoo.com,2020-12-30 19:13:26
39,goofyPudding1,b'$2b$12$mzZXxm.lIzmqEMht8NVw1Oq0QSGnyOH3n3NDegbKu008Pe24Hn30i',goofyPudding1@mail.com,2019-01-15 04:41:03
40,decimalChowder6,b'$2b$12$mzZXxm.lIzmqEMht8NVw1Ob3WDWuXNsRSmM/Sb9ZWYOqYQ7y61zIu',decimalChowder6@yahoo.com,2018-12-29 01:44:50
41,empathicPaella5,b'$2b$12$mzZXxm.lIzmqEMht8NVw1O1AbuSy4xVPJqFiZ/swa/gm9VcM6IfNa',empathicPaella5@yahoo.com,2019-08-14 07:40:59
42,madPepper0,b'$2b$12$mzZXxm.lIzmqEMht8NVw1Of5jmZkHvZkjTScjRUTfdiiJ7DSSRR4m',madPepper0@gmail.com,2020-05-11 08:27:41
43,holisticGarlic9,b'$2b$12$mzZXxm.lIzmqEMht8NVw1OVfjwFvuAwd9Aih/KiXqcYWBs51XCNcm',holisticGarlic9@hotmail.com,2019-08-19 20:17:21
44,lyingDove6,b'$2b$12$mzZXxm.lIzmqEMht8NVw1OrUnd.qe17tJsERYp5Nmc/bVyxuwOzNG',lyingDove6@gmail.com,2020-04-10 15:04:50
45,culturedSwift9,b'$2b$12$mzZXxm.lIzmqEMht8NVw1O/Lc8gRCsew1p2q28g6P32aDpBxkf8oa',culturedSwift9@mail.com,2018-08-15 08:17:40
46,affectedBagels0,b'$2b$12$mzZXxm.lIzmqEMht8NVw1O8Fv3hq4ejLHBWkZocXePu54BJoD.wMu',affectedBagels0@gmail.com,2020-04-12 08:28:47
47,thriftyFish3,b'$2b$12$mzZXxm.lIzmqEMht8NVw1OhXDybJl8L5z0eFvcj1ETcegV8wAAUcy',thriftyFish3@mail.com,2019-03-18 10:29:57
48,trustingDoughnut3,b'$2b$12$mzZXxm.lIzmqEMht8NVw1Oe87XzERCWcS45Mx1pBYhmZBIE7Fqteq',trustingDoughnut3@hotmail.com,2020-10-29 04:39:04
49,contentSeagull5,b'$2b$12$mzZXxm.lIzmqEMht8NVw1O9jz2HkFGa1N5zrnuo9OoRXOnGy.Wppe',contentSeagull5@mail.com,2019-12-08 15:54:45
50,guiltyBoa9,b'$2b$12$mzZXxm.lIzmqEMht8NVw1Odhb6/ij5jxmOewXocYYN57.S3hHjRTC',guiltyBoa9@mail.com,2018-04-19 05:15:29
51,curiousMagpie1,b'$2b$12$mzZXxm.lIzmqEMht8NVw1OFfCV8725iecTUrrhT7lSOCN.wASbuRW',curiousMagpie1@yahoo.com,2019-02-24 07:49:40
52,cruelCheese8,b'$2b$12$mzZXxm.lIzmqEMht8NVw1OdVZ4XfTpLHRfGNBg8Ri2wPOJa8uQsOC',cruelCheese8@hotmail.com,2020-08-04 13:04:29
53,sadAntelope6,b'$2b$12$mzZXxm.lIzmqEMht8NVw1OxVyNfGX88aWJYZFiVKm1TuqWS6bY5wO',sadAntelope6@yahoo.com,2019-05-26 22:54:53
54,innocentPolenta2,b'$2b$12$mzZXxm.lIzmqEMht8NVw1OCONnLJ.38HwoW6F0AqIG8HFF7Ir/mma',innocentPolenta2@gmail.com,2020-10-17 11:55:06
55,pitifulApricots4,b'$2b$12$mzZXxm.lIzmqEMht8NVw1Os78iqrL5lq1eT9lFvUFFzQ5WsCI6ppe',pitifulApricots4@mail.com,2018-01-02 05:38:26
56,worriedQuiche8,b'$2b$12$mzZXxm.lIzmqEMht8NVw1OXoiF1Nne4IaOH6Dstaqol7wavbclOOK',worriedQuiche8@yahoo.com,2020-04-13 00:40:47
57,hushedTacos9,b'$2b$12$mzZXxm.lIzmqEMht8NVw1O30P2mOFjax4xsm8ziCXVEZZ6AYbdH9y',hushedTacos9@yahoo.com,2019-10-16 07:29:47
58,puzzledGarlic0,b'$2b$12$mzZXxm.lIzmqEMht8NVw1OcsjvIM0UwsGutuXzjXIIvoj0gxYKjie',puzzledGarlic0@yahoo.com,2020-05-28 00:48:49
59,hushedLemur8,b'$2b$12$mzZXxm.lIzmqEMht8NVw1O2zlGHS9DFqdFgOoh.bMvuJ.YaUmpO2O',hushedLemur8@hotmail.com,2019-05-08 05:01:24
60,selfishTuna1,b'$2b$12$mzZXxm.lIzmqEMht8NVw1OQYG9I1tIKQuIazxiOJ027iIn2CmHPAy',selfishTuna1@gmail.com,2018-11-05 06:08:30
61,pitifulPaella4,b'$2b$12$mzZXxm.lIzmqEMht8NVw1OzJ4TlMetHgDH1zXQb8oPSLRN4HoQx7m',pitifulPaella4@mail.com,2019-05-31 03:13:44
62,grumpyCoati8,b'$2b$12$mzZXxm.lIzmqEMht8NVw1Oa9C0JaaxeZAsSHrP9ht0X4h1O/a/Vea',grumpyCoati8@hotmail.com,2020-10-29 17:35:06
63,similarCow9,b'$2b$12$mzZXxm.lIzmqEMht8NVw1OR7ELwwhztsnz.6Hv2XnK.w4LoAxnHRa',similarCow9@mail.com,2019-07-10 17:35:07
64,lyingPlover8,b'$2b$12$mzZXxm.lIzmqEMht8NVw1OoPOTBOiSwyqAsIYnxNAP82OifOUFT3C',lyingPlover8@yahoo.com,2020-06-07 20:44:26
65,thriftyWhiting1,b'$2b$12$mzZXxm.lIzmqEMht8NVw1OyBK8rDjD9YsGoeRfmMkhif8YwUV/r.2',thriftyWhiting1@yahoo.com,2018-12-23 15:11:17
66,giddyTermite4,b'$2b$12$mzZXxm.lIzmqEMht8NVw1OgysJ1ijvcZkCPW/kM8YhTWVXxcczlqa',giddyTermite4@mail.com,2020-01-05 13:58:06
67,somberTeal8,b'$2b$12$mzZXxm.lIzmqEMht8NVw1OlOXjtDbNuPNQRy14ur4Pxayzny13/6W',somberTeal8@mail.com,2019-08-28 04:08:29
68,dearCoati8,b'$2b$12$mzZXxm.lIzmqEMht8NVw1OzZ.S8y5EPohM5wIU0u0rsLRvgWcB6FG',dearCoati8@hotmail.com,2020-07-10 18:08:57
69,boastfulGarlic1,b'$2b$12$mzZXxm.lIzmqEMht8NVw1OkqUBZHJAEL7HSbGf.qsub0p/5yjgIwe',boastfulGarlic1@hotmail.com,2019-02-04 13:19:13
70,excludedCoconut5,b'$2b$12$mzZXxm.lIzmqEMht8NVw1OLwPx5ZvH7QdlAvMPqZSa4ZzTaEbnqjm',excludedCoconut5@yahoo.com,2018-05-30 02:48:53
71,worriedSardines5,b'$2b$12$mzZXxm.lIzmqEMht8NVw1O02J3gurvKCU5hKG.CWK19.ZZnmPM5KW',worriedSardines5@hotmail.com,2019-01-28 14:05:54
72,finickyWigeon6,b'$2b$12$mzZXxm.lIzmqEMht8NVw1OXHh5.QBATeLT27w1sbh.ofXv.ku86ga',finickyWigeon6@hotmail.com,2020-04-20 08:29:22
73,cynicalDove1,b'$2b$12$mzZXxm.lIzmqEMht8NVw1OB36MR50iTVU/VkvEG.Dbfb4Hax4AK76',cynicalDove1@yahoo.com,2019-01-02 10:02:14
74,innocentMare3,b'$2b$12$mzZXxm.lIzmqEMht8NVw1Oc6PMU02.YaaNw/MOYSOmWHvLzNmLrPC',innocentMare3@gmail.com,2020-04-29 20:43:25
75,enragedMagpie7,b'$2b$12$mzZXxm.lIzmqEMht8NVw1OU1pZW82HVKgvxvpwqmLueYx6MQQ7Cwi',enragedMagpie7@gmail.com,2018-04-30 02:49:56
76,aloofHawk6,b'$2b$12$mzZXxm.lIzmqEMht8NVw1OKB.0oD4ePhEGY8MDXuPA0AspYUaitJe',aloofHawk6@mail.com,2020-11-11 00:33:52
77,bubblyFish8,b'$2b$12$mzZXxm.lIzmqEMht8NVw1OQFuT9zgT2GUUIxkRe8jfD39HMDMiZLO',bubblyFish8@gmail.com,2019-09-15 18:26:17
78,exactingSyrup1,b'$2b$12$mzZXxm.lIzmqEMht8NVw1OrRZ9K/EPXZUqgmubP0wA9NBH7Y9/3C.',exactingSyrup1@mail.com,2020-02-18 23:27:47
79,grudgingMandrill9,b'$2b$12$mzZXxm.lIzmqEMht8NVw1OG/VvsFoBplmhf2agjwrp3Ibt/2uhQhW',grudgingMandrill9@yahoo.com,2019-02-16 21:32:06
80,insecureTermite3,b'$2b$12$mzZXxm.lIzmqEMht8NVw1O/m4FRX8E7QCRNC124R6LiXioKE.o8MS',insecureTermite3@gmail.com,2018-03-13 06:02:03
81,madLeopard0,b'$2b$12$mzZXxm.lIzmqEMht8NVw1OApx0Pm8C2c7EKjLEjpLhBwmRvYFuA.a',madLeopard0@gmail.com,2019-07-10 07:57:38
82,cruelSheep8,b'$2b$12$mzZXxm.lIzmqEMht8NVw1ORJ6qK/CqXra3DWhgFBGq7zcBiNjyhT6',cruelSheep8@yahoo.com,2020-11-27 04:01:26
83,panickyDunbird7,b'$2b$12$mzZXxm.lIzmqEMht8NVw1OIOZ5itRbIpf1tGMrH3Bf9XaGD5waAe6',panickyDunbird7@yahoo.com,2019-08-24 16:18:55
84,shyPiglet9,b'$2b$12$mzZXxm.lIzmqEMht8NVw1O8xZiCfT4.AS.VKOWbU4l8MURq5x7s9G',shyPiglet9@gmail.com,2020-10-30 23:11:49
85,amusedRhino3,b'$2b$12$mzZXxm.lIzmqEMht8NVw1OK7NYuHVoDknXR5UBDaoeH3lU4lvFFs.',amusedRhino3@hotmail.com,2018-08-22 03:29:35
86,outlyingAntelope7,b'$2b$12$mzZXxm.lIzmqEMht8NVw1O3eMjDtIjNqjVlEwiIIRTaWq6wQWjk1.',outlyingAntelope7@gmail.com,2020-12-18 08:07:12
87,culturedToucan9,b'$2b$12$mzZXxm.lIzmqEMht8NVw1OCd4Y0EVFQzaOVUSLJABWkT19Q50Nu7e',culturedToucan9@mail.com,2019-01-06 15:49:55
88,cynicalFalcon1,b'$2b$12$mzZXxm.lIzmqEMht8NVw1OREDoqPyupVj9M.C4rnaYvxDBW3PvxcS',cynicalFalcon1@hotmail.com,2020-04-30 20:31:26
89,boredClam7,b'$2b$12$mzZXxm.lIzmqEMht8NVw1OkGDOEJXloo8N0iNx2klsXEN157/ybxa',boredClam7@gmail.com,2019-07-05 09:34:04
90,ferventBuzzard6,b'$2b$12$mzZXxm.lIzmqEMht8NVw1ODA/Nr/wfq/0SM.F8I1jrO1x97fPUjiG',ferventBuzzard6@yahoo.com,2018-02-04 06:31:27
91,somberBuck3,b'$2b$12$mzZXxm.lIzmqEMht8NVw1OiIyKQQviQrnYTQ9NvQRr7k32LwGA5g2',somberBuck3@hotmail.com,2019-09-03 12:22:56
92,resolvedChile9,b'$2b$12$mzZXxm.lIzmqEMht8NVw1OubH9yZ1aQoYS/vZGaFo0awzIHs4RU96',resolvedChile9@yahoo.com,2020-12-12 07:44:52
93,debonairDinosaur7,b'$2b$12$mzZXxm.lIzmqEMht8NVw1OL0PnR2S2VqqDoSuOSNVxAF7v1CTJuam',debonairDinosaur7@hotmail.com,2019-06-28 12:56:28
94,gleefulLard4,b'$2b$12$mzZXxm.lIzmqEMht8NVw1OPIRub.wUY5d9rq57fWI967raIfMH3e.',gleefulLard4@hotmail.com,2020-03-14 06:54:11
95,jumpyApples3,b'$2b$12$mzZXxm.lIzmqEMht8NVw1OUK95fnmcWWnlLw2uKzSV/8Lwwpw5.uG',jumpyApples3@hotmail.com,2018-05-29 21:13:42
96,troubledCur4,b'$2b$12$mzZXxm.lIzmqEMht8NVw1OI.ZI2EO08LTfYGt91XnpYCgiJhnyIT.',troubledCur4@gmail.com,2020-03-17 03:27:26
97,stressedDingo2,b'$2b$12$mzZXxm.lIzmqEMht8NVw1O5cvB7PHtUoqyGse3MNnnHBvEpcr.b9q',stressedDingo2@mail.com,2019-04-08 07:23:53
98,amusedEland0,b'$2b$12$mzZXxm.lIzmqEMht8NVw1OqttHoR87UqjhycZ/.oKCQs0bBIDatJq',amusedEland0@hotmail.com,2020-05-02 23:55:19
99,boastfulSalt9,b'$2b$12$mzZXxm.lIzmqEMht8NVw1OmWepR/LWL0WpXYkNJxlW8pxMdCMyzz6',boastfulSalt9@gmail.com,2019-03-07 12:28:26
100,betrayedOryx7,b'$2b$12$mzZXxm.lIzmqEMht8NVw1OITf7MwNtIEnmtlpMzLtdS2Fki4Y3wYi',betrayedOryx7@hotmail.com,2018-09-23 05:52:54
