username,password,email,user_since
yearningMacaw3,$2b$12$mzZXxm.lIzmqEMht8NVw1O/ht/tMs/m1NY3.nQsfb/Ddau4a7dCpK,yearningMacaw3@gmail.com,4/15/2019 4:40
stressedCur4,$2b$12$mzZXxm.lIzmqEMht8NVw1OuNUpnnmJ9827A6tWcVA3mS0xwbmhosK,stressedCur4@gmail.com,12/17/2020 3:01
dearLion6,$2b$12$mzZXxm.lIzmqEMht8NVw1OiUJME09qCT62JsXsefun6.tW49yGeGy,dearLion6@yahoo.com,1/30/2019 15:53
puzzledMoth8,$2b$12$mzZXxm.lIzmqEMht8NVw1O8QfMn3PqonJfo04Drz8lS2.MWgyI5tm,puzzledMoth8@mail.com,11/17/2020 15:16
cockyMackerel9,$2b$12$mzZXxm.lIzmqEMht8NVw1Og4.yRJ0V5rCPGi5XqGRz1mlprMvnWZO,cockyMackerel9@mail.com,11/22/2018 5:32
tautLard4,$2b$12$mzZXxm.lIzmqEMht8NVw1OS4UQR424Nu4cTvalIF/LnzzJ/MZRxRm,tautLard4@gmail.com,3/22/2020 23:28
scornfulGatorade6,$2b$12$mzZXxm.lIzmqEMht8NVw1OMIRQ5neP8mq564RtLL5MlN307dhZEK6,scornfulGatorade6@yahoo.com,5/23/2019 18:14
worldlyOcelot3,$2b$12$mzZXxm.lIzmqEMht8NVw1O1G/SNByYotHXn8h9r/16ArUBdMHchPm,worldlyOcelot3@yahoo.com,10/25/2020 14:02
importedWildfowl0,$2b$12$mzZXxm.lIzmqEMht8NVw1O7p2qJ/2C3yQgo2p5sUPWlm0E0w3eEJq,importedWildfowl0@mail.com,8/29/2019 21:05
mildKitten2,$2b$12$mzZXxm.lIzmqEMht8NVw1OFrJpqz8mmlYJXdm.RZu0EdC50101w82,mildKitten2@gmail.com,10/27/2018 16:34
joyfulAntelope3,$2b$12$mzZXxm.lIzmqEMht8NVw1OWNq2jXFqJMZzUjr4vlhyPL1hbZKIRie,joyfulAntelope3@gmail.com,9/26/2019 11:14
mellowUnicorn5,$2b$12$mzZXxm.lIzmqEMht8NVw1O5U1KbOyU2ZB5d/jLADMjip254GaQY1i,mellowUnicorn5@mail.com,3/22/2020 13:13
eagerOryx1,$2b$12$mzZXxm.lIzmqEMht8NVw1OzK7HRxT1C9Y3bp.YwoVP5x.yqOfhLsG,eagerOryx1@yahoo.com,8/9/2019 11:45
humorousApples1,$2b$12$mzZXxm.lIzmqEMht8NVw1OOT/Y184nwSmYJCEeIY2n0JMjN14kbF2,humorousApples1@gmail.com,3/31/2020 12:24
superiorPretzels0,$2b$12$mzZXxm.lIzmqEMht8NVw1OSzChtNoY1honAeksHQpGuP8tgTQY8ru,superiorPretzels0@hotmail.com,3/30/2018 7:50
guiltyWigeon5,$2b$12$mzZXxm.lIzmqEMht8NVw1O./swfiEX.ugivg1xaXtHcx1J0RoMWxm,guiltyWigeon5@yahoo.com,9/3/2020 4:36
annoyedPolenta6,$2b$12$mzZXxm.lIzmqEMht8NVw1O06fvQmwjvV39QCWQnoFhP8M9nGDqbJa,annoyedPolenta6@yahoo.com,2/13/2019 20:21
worriedWidgeon0,$2b$12$mzZXxm.lIzmqEMht8NVw1OdeZHozOg6sivfWWjVdG4e0UpB1UAyU.,worriedWidgeon0@yahoo.com,12/17/2020 4:48
finickyBoars2,$2b$12$mzZXxm.lIzmqEMht8NVw1OQNX8kX3jGh4BrwgJEVgJ8CI3s/hO1Aq,finickyBoars2@gmail.com,3/23/2019 15:26
aloofShads5,$2b$12$mzZXxm.lIzmqEMht8NVw1OC9YxA8JhuC/Y.LUU/SmaOOLvHxd8Z8S,aloofShads5@mail.com,5/18/2018 0:21
giddyOil8,$2b$12$mzZXxm.lIzmqEMht8NVw1OaMaCuUshQU8JX3H6.h2em/yqT0nO6d.,giddyOil8@yahoo.com,5/28/2019 2:09
puzzledSalami3,$2b$12$mzZXxm.lIzmqEMht8NVw1O.m8GWanwCRIYYSQldH2DoquIIBqC7Fi,puzzledSalami3@gmail.com,6/29/2020 12:31
sadCrackers6,$2b$12$mzZXxm.lIzmqEMht8NVw1OGD3M2Lmnk1u7I7nD9fafRm5QPw4EQqm,sadCrackers6@gmail.com,7/12/2019 0:55
eagerCheetah3,$2b$12$mzZXxm.lIzmqEMht8NVw1OVsQZ6eWuTLWRxnrkq/D/u6NX4Ti.xqW,eagerCheetah3@mail.com,7/14/2020 14:57
ashamedDotterel4,$2b$12$mzZXxm.lIzmqEMht8NVw1OQEoF1T.xond9yyJCZucr0bTa2Akh5Ie,ashamedDotterel4@yahoo.com,3/27/2018 16:30
crummyZebra3,$2b$12$mzZXxm.lIzmqEMht8NVw1OdmucDPlJqH1YV52aUmkecc/RJB/lGkK,crummyZebra3@yahoo.com,7/14/2020 23:33
sincereMallard8,$2b$12$mzZXxm.lIzmqEMht8NVw1OvysAPocDaEsjslvronHX9qv9jZyBVte,sincereMallard8@gmail.com,10/4/2019 6:52
relievedTermite4,$2b$12$mzZXxm.lIzmqEMht8NVw1OPVla8tNjpFBUknwEPXNmxW5vDeGGaCG,relievedTermite4@gmail.com,6/13/2020 16:06
gleefulWigeon9,$2b$12$mzZXxm.lIzmqEMht8NVw1OpGyNPrXGEMa76xMxU0OtpyUVsKb1/Ae,gleefulWigeon9@hotmail.com,9/1/2019 10:35
gutturalBagels5,$2b$12$mzZXxm.lIzmqEMht8NVw1Os.eFYS1vl18P39eOSG4avULrYwQ9X12,gutturalBagels5@hotmail.com,4/25/2018 5:53
lyingMandrill6,$2b$12$mzZXxm.lIzmqEMht8NVw1OZfo12FW1D6/LKnl/6L1hthwid.XtFBK,lyingMandrill6@yahoo.com,11/8/2019 20:51
annoyedPonie4,$2b$12$mzZXxm.lIzmqEMht8NVw1OwV692aslaXJdEHf/xh0Fb2iNa4kmNSa,annoyedPonie4@yahoo.com,9/3/2020 17:20
outlyingDove7,$2b$12$mzZXxm.lIzmqEMht8NVw1OnNl/FeltPAbfyrXhjiRnu6wJOEToz1e,outlyingDove7@gmail.com,3/14/2019 11:29
joyfulChough2,$2b$12$mzZXxm.lIzmqEMht8NVw1Ojmpc18PcdD2YcXxbqJeAOvIbluKG3Ua,joyfulChough2@hotmail.com,12/15/2020 0:23
puzzledToucan5,$2b$12$mzZXxm.lIzmqEMht8NVw1OB6wRtc326n6RnXgwPFeFausWMJtz92.,puzzledToucan5@hotmail.com,1/15/2018 13:13
artisticLlama7,$2b$12$mzZXxm.lIzmqEMht8NVw1Ot2X4p1p2WbMHpxSSq1m0x55SM.yZvwy,artisticLlama7@hotmail.com,10/14/2020 7:05
lyingPolenta9,$2b$12$mzZXxm.lIzmqEMht8NVw1OZv.KEothYwrv9BFrJnV5jZrsjmJ2PI6,lyingPolenta9@gmail.com,7/19/2019 5:36
insecureSeafowl6,$2b$12$mzZXxm.lIzmqEMht8NVw1O.RuqFTc.CX6Lo0jhlsIZ.ooCeYNjP/G,insecureSeafowl6@mail.com,7/13/2020 16:13
guiltyLlama3,$2b$12$mzZXxm.lIzmqEMht8NVw1O0HLd7cMUmfr.xMM6c8DjTxMUzkSsXzW,guiltyLlama3@yahoo.com,6/26/2019 8:29
giddySeagull5,$2b$12$mzZXxm.lIzmqEMht8NVw1O1Z86qEbsgspUJqHIIgqZh8DCsAokRvG,giddySeagull5@gmail.com,4/2/2018 12:56
obsessedHyena6,$2b$12$mzZXxm.lIzmqEMht8NVw1OSFk3X2kYj2FdBcxhEZ9316kTzOyp8nq,obsessedHyena6@mail.com,1/19/2019 11:10
wingedDotterel3,$2b$12$mzZXxm.lIzmqEMht8NVw1OFNK9mQXSmXuwi6s4sSaF/I4W3.aCnF6,wingedDotterel3@mail.com,7/8/2020 14:46
cheerfulCheese4,$2b$12$mzZXxm.lIzmqEMht8NVw1O5yfBJh/nzVtE818iAUlNRg702FrsO22,cheerfulCheese4@hotmail.com,2/3/2019 3:08
humorousApricots8,$2b$12$mzZXxm.lIzmqEMht8NVw1Omm753r6sW3x60dz6xHB3/eq.73Dazee,humorousApricots8@yahoo.com,7/5/2020 15:53
pluckyLion0,$2b$12$mzZXxm.lIzmqEMht8NVw1OFq0Sv9XWiN/MQbWFfE.h4cC.sYiu/Su,pluckyLion0@gmail.com,9/25/2018 3:30
pacifiedMuesli2,$2b$12$mzZXxm.lIzmqEMht8NVw1ONeN26fMj7jzyMF4BLAVRUc2JiwMysvK,pacifiedMuesli2@yahoo.com,4/16/2020 13:41
murkyApricots8,$2b$12$mzZXxm.lIzmqEMht8NVw1OGXx1gyv4KFgPkB//0yS3S4sHvrnV4XO,murkyApricots8@yahoo.com,6/8/2019 13:06
guiltyAbalone9,$2b$12$mzZXxm.lIzmqEMht8NVw1OTcUV503OxYBNvHgJ1PldjRnHTGwJp2q,guiltyAbalone9@gmail.com,5/5/2020 20:15
madGatorade3,$2b$12$mzZXxm.lIzmqEMht8NVw1ObgIC/.7a088ZFVDOGEcO4wUD1Fp0Q9y,madGatorade3@mail.com,10/22/2019 13:45
superiorShads1,$2b$12$mzZXxm.lIzmqEMht8NVw1OFpC71b.sNXwuRM1e4rBEgWNi52Dl85S,superiorShads1@hotmail.com,7/19/2018 11:16
jealousSeafowl8,$2b$12$mzZXxm.lIzmqEMht8NVw1OjEXW1vWfvG0WGr5QtF1O3ID.9BNFzdW,jealousSeafowl8@mail.com,5/27/2019 6:19
thriftyStork6,$2b$12$mzZXxm.lIzmqEMht8NVw1OFWol.8t041ThL4xYJETmisDSnVziA.y,thriftyStork6@gmail.com,2/19/2020 11:57
decimalApricots3,$2b$12$mzZXxm.lIzmqEMht8NVw1O2xCqEnOeOcRyiEnA/BTFuq.PZAf8U6e,decimalApricots3@hotmail.com,9/17/2019 8:28
sadCrane0,$2b$12$mzZXxm.lIzmqEMht8NVw1OA582GfPXBbpMHIZMScjsXIuNSImwPSO,sadCrane0@gmail.com,4/22/2020 13:01
amazedRat4,$2b$12$mzZXxm.lIzmqEMht8NVw1OCTFVVn1cQWAMehKElm2DopzCmHerBhC,amazedRat4@yahoo.com,9/10/2018 14:45
relievedTermite6,$2b$12$mzZXxm.lIzmqEMht8NVw1OVmNbUkH5hCoXfj8q2a4LD.RJduFA/cK,relievedTermite6@mail.com,4/27/2020 8:07
wrathfulRuffs1,$2b$12$mzZXxm.lIzmqEMht8NVw1OeKPq9FfRx7CvhRFIlazwo7Vr7uR1FNy,wrathfulRuffs1@yahoo.com,8/23/2019 4:59
shyLion3,$2b$12$mzZXxm.lIzmqEMht8NVw1OO75k3lQFn/XtZtdEs8BW.F7.ZFYCWby,shyLion3@gmail.com,10/22/2020 21:06
alertUnicorn2,$2b$12$mzZXxm.lIzmqEMht8NVw1ObzgYQhRtriX4R0YN1GwWc4xk.gF.7ee,alertUnicorn2@gmail.com,11/27/2019 10:09
guiltyDotterel4,$2b$12$mzZXxm.lIzmqEMht8NVw1OXEb4OZ.StZDG2Z2PanbcOMIuaG3L7SS,guiltyDotterel4@yahoo.com,10/30/2018 5:23
needyBasmati2,$2b$12$mzZXxm.lIzmqEMht8NVw1ODDvSmO98RrYxpYh/eCF.jTbbMj7EZC2,needyBasmati2@mail.com,8/19/2019 20:24
lyingRaisins1,$2b$12$mzZXxm.lIzmqEMht8NVw1OQ1IX1QZg3VCDcNfBZDL8Xf0XYxIKcEW,lyingRaisins1@hotmail.com,10/20/2020 5:07
boastfulPiglet9,$2b$12$mzZXxm.lIzmqEMht8NVw1OHkSwcojAh3xXCcB5WLY9bHCNCuBevDG,boastfulPiglet9@yahoo.com,6/18/2019 18:32
thrilledTeal6,$2b$12$mzZXxm.lIzmqEMht8NVw1OTikjk4mQ3KJvdpb9.Cz9VooSW/u3SX.,thrilledTeal6@hotmail.com,7/4/2020 13:22
importedMuesli0,$2b$12$mzZXxm.lIzmqEMht8NVw1OoKz05.wykDhTbow9kF6aIc5IpIBP3rG,importedMuesli0@gmail.com,10/28/2018 17:01
forsakenFalcon4,$2b$12$mzZXxm.lIzmqEMht8NVw1OzuehOxVKM6EVSuNqjJHxeh7woQ9QOYG,forsakenFalcon4@hotmail.com,10/16/2020 11:47
needfulLemur2,$2b$12$mzZXxm.lIzmqEMht8NVw1OpGS.B6DDJkCvmKlJztu29mOmR8RKk1.,needfulLemur2@mail.com,3/6/2019 3:30
forsakenSausage0,$2b$12$mzZXxm.lIzmqEMht8NVw1OEdEqhQ4N58mXUKOH5LsEy.mbjb/2Lk6,forsakenSausage0@hotmail.com,10/11/2020 3:59
dopeyMeerkat6,$2b$12$mzZXxm.lIzmqEMht8NVw1OIFppqrSmfU4PUmOS3ofVKtG0PQ6nOmq,dopeyMeerkat6@gmail.com,9/27/2019 19:44
selfishTeal5,$2b$12$mzZXxm.lIzmqEMht8NVw1OApX2xZI.qQL6938pWHBs6VCZ3vUMKgS,selfishTeal5@mail.com,2/15/2018 6:13
excitedCake7,$2b$12$mzZXxm.lIzmqEMht8NVw1OmjptBcXtg1nIZjZQBgohoob8h8QFtPi,excitedCake7@mail.com,11/4/2019 12:36
dearThrush6,$2b$12$mzZXxm.lIzmqEMht8NVw1O8k7q1GMkToJ4yD/SF/vA9KZUxUl/NKy,dearThrush6@mail.com,11/4/2020 16:47
curiousBoars6,$2b$12$mzZXxm.lIzmqEMht8NVw1OdXft6DTIhkK/fsCZ.9i5ujOL/wwBIJu,curiousBoars6@mail.com,11/21/2019 17:32
crummySausage5,$2b$12$mzZXxm.lIzmqEMht8NVw1OQ5Qtecy5AHVNu3dfX3qyT9rKO31ikjm,crummySausage5@yahoo.com,5/8/2020 22:55
awedLizard1,$2b$12$mzZXxm.lIzmqEMht8NVw1OnJvL97qWPmUUbhbfyndlk.zq/3IDVE6,awedLizard1@gmail.com,3/24/2018 10:07
relievedMare6,$2b$12$mzZXxm.lIzmqEMht8NVw1O2WBpGfKvY4zdswXlKmOLQ6XfeMhegSO,relievedMare6@yahoo.com,1/15/2020 21:31
bubblyAbalone8,$2b$12$mzZXxm.lIzmqEMht8NVw1OfbI19HE3s5J43WsG35jYySPBxMTa25u,bubblyAbalone8@hotmail.com,3/25/2019 0:15
offendedOrange2,$2b$12$mzZXxm.lIzmqEMht8NVw1O68fePAWHjCPBHlRlaTEUm3H95qqrJjq,offendedOrange2@gmail.com,9/20/2020 4:29
exactingFlamingo2,$2b$12$mzZXxm.lIzmqEMht8NVw1OFFu/7jiBAjGZNkiMgQ4bVJP12A8W1Qm,exactingFlamingo2@yahoo.com,3/12/2019 15:21
insecureStork3,$2b$12$mzZXxm.lIzmqEMht8NVw1OhaHaeS02wstnTchZ2bTUmfHeIVyEpu2,insecureStork3@mail.com,12/9/2018 18:46
dearFlamingo1,$2b$12$mzZXxm.lIzmqEMht8NVw1Op8gCnYZ3bs0cKCf8RsOXvBdNnEqVG.G,dearFlamingo1@mail.com,1/5/2019 18:37
cruelRelish1,$2b$12$mzZXxm.lIzmqEMht8NVw1ONEAOLpI0tNvdmYPwFJ/3nPQ6jRhyBUq,cruelRelish1@yahoo.com,6/18/2020 8:08
eagerFlamingo9,$2b$12$mzZXxm.lIzmqEMht8NVw1O8Zt5fIfs.iDxYaZ55sEMDO1XrbhBMzy,eagerFlamingo9@mail.com,9/28/2019 23:19
pacifiedWildfowl4,$2b$12$mzZXxm.lIzmqEMht8NVw1OuIwBnU/hTDXfFKBWouY.BI5qtxTXWB2,pacifiedWildfowl4@hotmail.com,12/17/2020 1:55
mercifulOryx9,$2b$12$mzZXxm.lIzmqEMht8NVw1OwmurK0BXHP8ZhyvFSbv/EUJoTYLeffq,mercifulOryx9@hotmail.com,12/29/2018 11:43
goofyCod1,$2b$12$mzZXxm.lIzmqEMht8NVw1OP2gO3uCxF2MwusopKjGYb88o2myaAY2,goofyCod1@gmail.com,8/11/2020 21:12
cynicalLlama8,$2b$12$mzZXxm.lIzmqEMht8NVw1Ogvbq7AV1PKvxXyxGoAXntAEM9TphvPK,cynicalLlama8@hotmail.com,3/10/2019 18:50
ardentPoultry2,$2b$12$mzZXxm.lIzmqEMht8NVw1OstrRaYCFAkZKmmQi2UZPel5iAZDVvSG,ardentPoultry2@hotmail.com,7/23/2020 14:08
eagerMare0,$2b$12$mzZXxm.lIzmqEMht8NVw1OnabeausTJv.odo5GPAVK9kCEqcpa3ta,eagerMare0@hotmail.com,10/23/2019 5:40
zestyViper3,$2b$12$mzZXxm.lIzmqEMht8NVw1OoN7hPh1w5s7ZWkXm4wO/YYnr0CQ9/2i,zestyViper3@gmail.com,3/23/2018 14:14
needySeahorse3,$2b$12$mzZXxm.lIzmqEMht8NVw1OrlqagzAO5NAOQvTz7JoqWBJ3UR8KmX6,needySeahorse3@mail.com,1/27/2019 14:08
lovesickShads5,$2b$12$mzZXxm.lIzmqEMht8NVw1OgW9YRz4jljcthEdo844Nd0BuYlZBkkK,lovesickShads5@yahoo.com,12/12/2020 0:13
gleefulTruffle5,$2b$12$mzZXxm.lIzmqEMht8NVw1Op8wG/oL9z9/iVWetCAR9JRJyMahgHFy,gleefulTruffle5@hotmail.com,1/14/2019 11:50
eagerBittern8,$2b$12$mzZXxm.lIzmqEMht8NVw1OoLFzjovUrKUlsMkIx9/GkwEtV1g7Awa,eagerBittern8@mail.com,12/5/2020 6:25
ardentSausage8,$2b$12$mzZXxm.lIzmqEMht8NVw1OPkdzw1X1sFXCNYoYlN79wjHrOg29qHS,ardentSausage8@hotmail.com,9/6/2018 1:22
gleefulRuffs7,$2b$12$mzZXxm.lIzmqEMht8NVw1OMSctT9BYQBN5.rXBa5F2huKQi3DlKme,gleefulRuffs7@mail.com,7/10/2020 15:36
artisticLocust7,$2b$12$mzZXxm.lIzmqEMht8NVw1OA9KjQlhYL2qsVWn.95GjDOwn3M8whbq,artisticLocust7@mail.com,2/20/2019 8:20
crummyIcecream1,$2b$12$mzZXxm.lIzmqEMht8NVw1Oel9CLfCQ6aKHfh3ESLn9c6Kmmmi3U/K,crummyIcecream1@gmail.com,3/17/2020 20:53
crummyIguana8,$2b$12$mzZXxm.lIzmqEMht8NVw1O5wb7tWlDyaODjrBPQlhJNBA5adB36Ze,crummyIguana8@gmail.com,3/21/2019 12:50
murkyGranola7,$2b$12$mzZXxm.lIzmqEMht8NVw1OpKxiqdeeOmnoCtGyef7suzIt1O3G6vO,murkyGranola7@mail.com,6/1/2018 16:48
